Company,Benefit
Netflix,4299588.458132926
Tesla,202000.0
Grab,198000.0
Rivian,170555.55555555556
Meta,150390.75672509774
