Location_HQ,0
Joinville,0.36208530805687206
Porto Alegre,0.2579838217338219
Blumenau,0.2547492294282193
Brasilia,0.2
