Industry,0
Sales,0.4
Fitness,0.33
Travel,0.2855644300753582
HR,0.25798382173382184
Support,0.25
