Industry,0
Transportation,0.11496767582033292
Real Estate,0.10647608504929475
Logistics,0.105
Other,0.09913432835820894
Food,0.09077338945236801
