Location_HQ,0
Florianópolis,0.18
Belo Horizonte,0.17710627400768245
Curitiba,0.16482520974622925
Sao Paulo,0.12534794591586715
