Country,Laid_Off_Count
United States,432889.6804733728
India,43569.585798816566
Netherlands,18237.597633136094
United Kingdom,16265.582840236686
Brazil,12934.994082840238
