Location_HQ,Laid_Off_Count
SF Bay Area,190592.48816568046
Seattle,52312.180473372784
New York City,49802.952662721895
Bengaluru,25565.19230769231
Boston,20946.576923076922
Amsterdam,18157.597633136094
Los Angeles,16332.1775147929
London,16258.98224852071
Austin,15269.39053254438
Stockholm,12249.597633136094
