Location_HQ,0
Gurugram,0.19865824311068161
Mumbai,0.17655767795272426
Bengaluru,0.12720704679433856
Pune,0.11
Patna,0.05
