Industry,0
Retail,0.17723428659611934
Fitness,0.17406978808555967
Media,0.13154223197072254
Education,0.11453573943578596
Food,0.07846737192044835
