Location_HQ,0
Ahmedabad,0.5
Noida,0.41227545846481467
Chennai,0.3214285714285714
Hyderabad,0.2579838217338219
Indore,0.25798382173382184
