Industry,0
Construction,0.5
Crypto,0.40708183192520403
Recruiting,0.4
Finance,0.3147667849491433
Other,0.27329419170415914
