Industry,Laid_Off_Count
Retail,70854.76035502959
Consumer,65045.97928994083
Finance,53048.346153846156
Other,50747.769230769234
Transportation,46659.976331360944
Healthcare,43636.96153846154
Food,37501.77218934911
Real Estate,29012.973372781067
Hardware,26988.795857988167
Travel,22246.988165680472
