Industry,0
Other,0.29756276161008127
Food,0.25798382173382184
Travel,0.25
