Industry,0
Finance,0.1449150473216233
Transportation,0.12288135593220338
Healthcare,0.07926829268292683
