Location_HQ,0
The Hague,0.25798382173382184
Amsterdam,0.1085459324468675
