Industry,0
Other,0.16667857037433717
Finance,0.15849007354237488
HR,0.1358033328610491
Security,0.07846059616169866
Consumer,0.03024027448812589
