Location_HQ,0
Bristol,0.2140385862152288
Edinburgh,0.2
London,0.19563810528569034
Chester,0.16
Manchester,0.07
