Industry,0
Product,1.0
Aerospace,0.8499999999999999
Marketing,0.4151045626178666
Retail,0.33885348408925436
Crypto,0.2847073378242168
