Industry,0
Logistics,0.08107359284160866
Retail,0.057570749339792046
Sales,0.05131242803582402
Hardware,0.05027751063912242
Support,0.0
