Location_HQ,0
Boise,0.07811749701161108
St. Louis,0.07017792734137822
Seattle,0.04804897853396589
Kansas City,0.02
Los Angeles,0.0
