Industry,0
Energy,0.2603015669376003
Travel,0.24424817183582295
Aerospace,0.2313156374607388
Education,0.22292947041536257
Manufacturing,0.21188650630802178
